result,BS33076,9/3/2019,GA0130000,000,STATE,3100,09/03/2019,15:15:00,9/4/2019,16:00:00,09/13/2019,A  ,,,,,A  ,,,,   ,,,,,,,,,,
result,BS33077,9/3/2019,GA0130000,000,STATE,3100,09/03/2019,15:15:00,9/4/2019,16:00:00,09/13/2019,A  ,,,,,A  ,,,,   ,,,,,,,,,,
result,BS33078,9/3/2019,GA0130000,000,STATE,3100,09/03/2019,15:15:00,9/4/2019,16:00:00,09/13/2019,A  ,,,,,A  ,,,,   ,,,,,,,,,,
result,BS33079,9/3/2019,GA0130000,000,STATE,3100,09/03/2019,15:15:00,9/4/2019,16:00:00,09/13/2019,A  ,,,,,A  ,,,,   ,,,,,,,,,,
result,BS33080,9/3/2019,GA1570003,000,STATE,3100,09/03/2019,15:15:00,9/4/2019,16:00:00,09/13/2019,A  ,,,,,A  ,,,,   ,,,,,,,,,,
result,BS33081,9/3/2019,GA1570003,000,STATE,3100,09/03/2019,15:15:00,9/4/2019,16:00:00,09/13/2019,A  ,,,,,A  ,,,,   ,,,,,,,,,,
result,BS33082,9/3/2019,GA1570003,000,STATE,3100,09/03/2019,15:15:00,9/4/2019,16:00:00,09/13/2019,A  ,,,,,A  ,,,,   ,,,,,,,,,,
result,BS33083,9/3/2019,GA1570003,000,STATE,3100,09/03/2019,15:15:00,9/4/2019,16:00:00,09/13/2019,A  ,,,,,A  ,,,,   ,,,,,,,,,,
result,BS33084,9/3/2019,GA1570003,000,STATE,3100,09/03/2019,15:15:00,9/4/2019,16:00:00,09/13/2019,A  ,,,,,A  ,,,,   ,,,,,,,,,,
result,BS33085,9/3/2019,GA2230001,000,STATE,3100,09/03/2019,15:15:00,9/4/2019,16:00:00,09/13/2019,A  ,,,,,A  ,,,,   ,,,,,,,,,,
result,BS33086,9/3/2019,GA2230001,000,STATE,3100,09/03/2019,15:15:00,9/4/2019,16:00:00,09/13/2019,A  ,,,,,A  ,,,,   ,,,,,,,,,,
result,BS33087,9/3/2019,GA2230001,000,STATE,3100,09/03/2019,15:15:00,9/4/2019,16:00:00,09/13/2019,A  ,,,,,A  ,,,,   ,,,,,,,,,,
result,BS33088,9/3/2019,GA1350000,000,STATE,3100,09/03/2019,15:15:00,9/4/2019,16:00:00,09/13/2019,A  ,,,,,A  ,,,,   ,,,,,,,,,,
result,BS33089,9/3/2019,GA1350000,000,STATE,3100,09/03/2019,15:15:00,9/4/2019,16:00:00,09/13/2019,A  ,,,,,A  ,,,,   ,,,,,,,,,,
result,BS33090,9/3/2019,GA1350000,000,STATE,3100,09/03/2019,15:15:00,9/4/2019,16:00:00,09/13/2019,A  ,,,,,A  ,,,,   ,,,,,,,,,,
result,BS33091,9/3/2019,GA1350000,000,STATE,3100,09/03/2019,15:15:00,9/4/2019,16:00:00,09/13/2019,A  ,,,,,A  ,,,,   ,,,,,,,,,,
result,BS33092,9/3/2019,GA1350000,000,STATE,3100,09/03/2019,15:15:00,9/4/2019,16:00:00,09/13/2019,A  ,,,,,A  ,,,,   ,,,,,,,,,,
result,BS33093,9/3/2019,GA2470006,000,STATE,3100,09/03/2019,15:15:00,9/4/2019,16:00:00,09/13/2019,A  ,,,,,A  ,,,,   ,,,,,,,,,,
result,BS33094,9/2/2019,GA1870092,000,STATE,3100,09/03/2019,15:15:00,9/4/2019,16:00:00,09/13/2019,A  ,,,,,A  ,,,,   ,,,,,,,,,,
result,BS33095,9/2/2019,GA1870094,000,STATE,3100,09/03/2019,15:15:00,9/4/2019,16:00:00,09/13/2019,A  ,,,,,A  ,,,,   ,,,,,,,,,,
result,BS33096,9/2/2019,GA1870078,000,STATE,3100,09/03/2019,15:15:00,9/4/2019,16:00:00,09/13/2019,A  ,,,,,A  ,,,,   ,,,,,,,,,,
result,BS33097,9/2/2019,GA1870091,000,STATE,3100,09/03/2019,15:15:00,9/4/2019,16:00:00,09/13/2019,A  ,,,,,A  ,,,,   ,,,,,,,,,,
result,BS33098,9/2/2019,GA1870086,000,STATE,3100,09/03/2019,15:15:00,9/4/2019,16:00:00,09/13/2019,A  ,,,,,A  ,,,,   ,,,,,,,,,,
result,BS33099,9/3/2019,GA0350000,000,STATE,3100,09/03/2019,15:15:00,9/4/2019,16:00:00,09/13/2019,A  ,,,,,A  ,,,,   ,,,,,,,,,,
result,BS33100,9/3/2019,GA0350000,000,STATE,3100,09/03/2019,15:15:00,9/4/2019,16:00:00,09/13/2019,A  ,,,,,A  ,,,,   ,,,,,,,,,,
result,BS33101,9/3/2019,GA0350004,000,STATE,3100,09/03/2019,15:15:00,9/4/2019,16:00:00,09/13/2019,A  ,,,,,A  ,,,,   ,,,,,,,,,,
result,BS33102,9/2/2019,GA2070033,000,STATE,3100,09/03/2019,15:15:00,9/4/2019,16:00:00,09/13/2019,A  ,,,,,A  ,,,,   ,,,,,,,,,,
result,BS33103,9/2/2019,GA2890009,000,STATE,3100,09/03/2019,15:15:00,9/4/2019,16:00:00,09/13/2019,A  ,,,,,A  ,,,,   ,,,,,,,,,,
result,BS33105,9/3/2019,GA1530018,000,STATE,3100,09/03/2019,16:00:00,9/4/2019,16:00:00,09/13/2019,A  ,,,,,A  ,,,,   ,,,,,,,,,,
result,BS33106,9/3/2019,GA1530018,000,STATE,3100,09/03/2019,16:00:00,9/4/2019,16:00:00,09/13/2019,A  ,,,,,A  ,,,,   ,,,,,,,,,,
result,BS33107,9/3/2019,GA2110002,000,STATE,3100,09/04/2019,10:55:00,9/5/2019,11:00:00,09/13/2019,A  ,,,,,A  ,,,,   ,,,,,,,,,,
result,BS33108,9/3/2019,GA2110002,000,STATE,3100,09/04/2019,10:55:00,9/5/2019,11:00:00,09/13/2019,A  ,,,,,A  ,,,,   ,,,,,,,,,,
result,BS33109,9/3/2019,GA2110002,000,STATE,3100,09/04/2019,10:55:00,9/5/2019,11:00:00,09/13/2019,A  ,,,,,A  ,,,,   ,,,,,,,,,,
result,BS33110,9/3/2019,GA2110002,000,STATE,3100,09/04/2019,10:55:00,9/5/2019,11:00:00,09/13/2019,A  ,,,,,A  ,,,,   ,,,,,,,,,,
result,BS33111,9/3/2019,GA2110002,000,STATE,3100,09/04/2019,10:55:00,9/5/2019,11:00:00,09/13/2019,A  ,,,,,A  ,,,,   ,,,,,,,,,,
result,BS33112,9/3/2019,GA2830000,000,STATE,3100,09/04/2019,10:55:00,9/5/2019,11:00:00,09/13/2019,A  ,,,,,A  ,,,,   ,,,,,,,,,,
result,BS33113,9/3/2019,GA2830000,000,STATE,3100,09/04/2019,10:55:00,9/5/2019,11:00:00,09/13/2019,A  ,,,,,A  ,,,,   ,,,,,,,,,,
result,BS33114,9/3/2019,GA2830000,000,STATE,3100,09/04/2019,10:55:00,9/5/2019,11:00:00,09/13/2019,A  ,,,,,A  ,,,,   ,,,,,,,,,,
result,BS33115,9/3/2019,GA2830006,000,STATE,3100,09/04/2019,10:55:00,9/5/2019,11:00:00,09/13/2019,A  ,,,,,A  ,,,,   ,,,,,,,,,,
result,BS33116,9/3/2019,GA0550000,000,STATE,3100,09/04/2019,10:55:00,9/5/2019,11:00:00,09/13/2019,A  ,,,,,A  ,,,,   ,,,,,,,,,,
result,BS33117,9/3/2019,GA0550000,000,STATE,3100,09/04/2019,10:55:00,9/5/2019,11:00:00,09/13/2019,A  ,,,,,A  ,,,,   ,,,,,,,,,,
result,BS33118,9/3/2019,GA2770004,000,STATE,3100,09/04/2019,10:55:00,9/5/2019,11:00:00,09/13/2019,A  ,,,,,A  ,,,,   ,,,,,,,,,,
result,BS33119,9/3/2019,GA2770004,000,STATE,3100,09/04/2019,10:55:00,9/5/2019,11:00:00,09/13/2019,A  ,,,,,A  ,,,,   ,,,,,,,,,,
result,BS33120,9/3/2019,GA2770004,000,STATE,3100,09/04/2019,10:55:00,9/5/2019,11:00:00,09/13/2019,A  ,,,,,A  ,,,,   ,,,,,,,,,,
result,BS33121,9/3/2019,GA2770004,000,STATE,3100,09/04/2019,10:55:00,9/5/2019,11:00:00,09/13/2019,A  ,,,,,A  ,,,,   ,,,,,,,,,,
result,BS33122,9/3/2019,GA2550002,000,STATE,3100,09/04/2019,10:55:00,9/5/2019,11:00:00,09/13/2019,A  ,,,,,A  ,,,,   ,,,,,,,,,,
result,BS33123,9/3/2019,GA2370055,000,STATE,3100,09/04/2019,10:55:00,9/5/2019,11:00:00,09/13/2019,A  ,,,,,A  ,,,,   ,,,,,,,,,,
result,BS33124,9/3/2019,GA2170028,000,STATE,3100,09/04/2019,10:55:00,9/5/2019,11:00:00,09/13/2019,A  ,,,,,A  ,,,,   ,,,,,,,,,,
result,BS33125,9/3/2019,GA2170019,000,STATE,3100,09/04/2019,10:55:00,9/5/2019,11:00:00,09/13/2019,A  ,,,,,A  ,,,,   ,,,,,,,,,,
result,BS33126,9/3/2019,GA2110052,000,STATE,3100,09/04/2019,10:55:00,9/5/2019,11:00:00,09/13/2019,A  ,,,,,A  ,,,,   ,,,,,,,,,,
result,BS33127,9/3/2019,GA2110004,000,STATE,3100,09/04/2019,10:55:00,9/5/2019,11:00:00,09/13/2019,A  ,,,,,A  ,,,,   ,,,,,,,,,,
result,BS33128,9/3/2019,GA2110003,000,STATE,3100,09/04/2019,10:55:00,9/5/2019,11:00:00,09/13/2019,A  ,,,,,A  ,,,,   ,,,,,,,,,,
result,BS33129,9/3/2019,GA2110003,000,STATE,3100,09/04/2019,10:55:00,9/5/2019,11:00:00,09/13/2019,A  ,,,,,A  ,,,,   ,,,,,,,,,,
result,BS33130,9/3/2019,GA2010000,000,STATE,3100,09/04/2019,10:55:00,9/5/2019,11:00:00,09/13/2019,A  ,,,,,A  ,,,,   ,,,,,,,,,,
result,BS33131,9/3/2019,GA2010000,000,STATE,3100,09/04/2019,10:55:00,9/5/2019,11:00:00,09/13/2019,A  ,,,,,A  ,,,,   ,,,,,,,,,,
result,BS33132,9/3/2019,GA2410100,000,STATE,3100,09/04/2019,10:55:00,9/5/2019,11:00:00,09/13/2019,A  ,,,,,A  ,,,,   ,,,,,,,,,,
result,BS33133,9/3/2019,GA2410039,000,STATE,3100,09/04/2019,10:55:00,9/5/2019,11:00:00,09/13/2019,A  ,,,,,A  ,,,,   ,,,,,,,,,,
result,BS33134,9/3/2019,GA2750040,000,STATE,3100,09/04/2019,10:55:00,9/5/2019,11:00:00,09/13/2019,A  ,,,,,A  ,,,,   ,,,,,,,,,,
result,BS33135,9/3/2019,GA2750056,000,STATE,3100,09/04/2019,10:55:00,9/5/2019,11:00:00,09/13/2019,A  ,,,,,A  ,,,,   ,,,,,,,,,,
result,BS33136,9/3/2019,GA2410042,000,STATE,3100,09/04/2019,10:55:00,9/5/2019,11:00:00,09/13/2019,A  ,,,,,A  ,,,,   ,,,,,,,,,,
result,BS33137,9/3/2019,GA1730000,000,STATE,3100,09/04/2019,10:55:00,9/5/2019,11:00:00,09/13/2019,A  ,,,,,A  ,,,,   ,,,,,,,,,,
result,BS33138,9/3/2019,GA1730000,000,STATE,3100,09/04/2019,10:55:00,9/5/2019,11:00:00,09/13/2019,A  ,,,,,A  ,,,,   ,,,,,,,,,,
result,BS33139,9/3/2019,GA1730000,000,STATE,3100,09/04/2019,10:55:00,9/5/2019,11:00:00,09/13/2019,A  ,,,,,A  ,,,,   ,,,,,,,,,,
result,BS33140,9/3/2019,GA1330046,000,STATE,3100,09/04/2019,10:55:00,9/5/2019,11:00:00,09/13/2019,A  ,,,,,A  ,,,,   ,,,,,,,,,,
result,BS33141,9/3/2019,GA1330046,000,STATE,3100,09/04/2019,10:55:00,9/5/2019,11:00:00,09/13/2019,A  ,,,,,A  ,,,,   ,,,,,,,,,,
result,BS33142,9/3/2019,GA1330046,000,STATE,3100,09/04/2019,10:55:00,9/5/2019,11:00:00,09/13/2019,A  ,,,,,A  ,,,,   ,,,,,,,,,,
result,BS33143,9/3/2019,GA1330014,000,STATE,3100,09/04/2019,10:55:00,9/5/2019,11:00:00,09/13/2019,A  ,,,,,A  ,,,,   ,,,,,,,,,,
result,BS33144,9/3/2019,GA0750047,000,STATE,3100,09/04/2019,10:55:00,9/5/2019,11:00:00,09/13/2019,A  ,,,,,A  ,,,,   ,,,,,,,,,,
result,BS33145,9/3/2019,GA1730015,000,STATE,3100,09/04/2019,10:55:00,9/5/2019,11:00:00,09/13/2019,A  ,,,,,A  ,,,,   ,,,,,,,,,,
result,BS33146,9/3/2019,GA1730012,000,STATE,3100,09/04/2019,10:55:00,9/5/2019,11:00:00,09/13/2019,A  ,,,,,A  ,,,,   ,,,,,,,,,,
result,BS33147,9/3/2019,GA1330067,000,STATE,3100,09/04/2019,10:55:00,9/5/2019,11:00:00,09/13/2019,A  ,,,,,A  ,,,,   ,,,,,,,,,,
result,BS33148,9/3/2019,GA1330050,000,STATE,3100,09/04/2019,10:55:00,9/5/2019,11:00:00,09/13/2019,A  ,,,,,A  ,,,,   ,,,,,,,,,,
result,BS33149,9/3/2019,GA1330008,000,STATE,3100,09/04/2019,10:55:00,9/5/2019,11:00:00,09/13/2019,A  ,,,,,A  ,,,,   ,,,,,,,,,,
result,BS33150,9/3/2019,GA1330052,000,STATE,3100,09/04/2019,10:55:00,9/5/2019,11:00:00,09/13/2019,A  ,,,,,A  ,,,,   ,,,,,,,,,,
result,BS33151,9/3/2019,GA1330052,000,STATE,3100,09/04/2019,10:55:00,9/5/2019,11:00:00,09/13/2019,A  ,,,,,A  ,,,,   ,,,,,,,,,,
result,BS33152,9/3/2019,GA2370073,000,STATE,3100,09/04/2019,10:55:00,9/5/2019,11:00:00,09/13/2019,A  ,,,,,A  ,,,,   ,,,,,,,,,,
result,BS33153,9/3/2019,GA2370073,000,STATE,3100,09/04/2019,10:55:00,9/5/2019,11:00:00,09/13/2019,A  ,,,,,A  ,,,,   ,,,,,,,,,,
result,BS33154,9/3/2019,GA2370057,000,STATE,3100,09/04/2019,10:55:00,9/5/2019,11:00:00,09/13/2019,A  ,,,,,A  ,,,,   ,,,,,,,,,,
result,BS33155,9/3/2019,GA1330007,000,STATE,3100,09/04/2019,10:55:00,9/5/2019,11:00:00,09/13/2019,A  ,,,,,A  ,,,,   ,,,,,,,,,,
result,BS33156,9/3/2019,GA1330011,000,STATE,3100,09/04/2019,10:55:00,9/5/2019,11:00:00,09/13/2019,A  ,,,,,A  ,,,,   ,,,,,,,,,,
result,BS33157,9/3/2019,GA1330048,000,STATE,3100,09/04/2019,11:20:00,9/5/2019,11:25:00,09/13/2019,A  ,,,,,A  ,,,,   ,,,,,,,,,,
result,BS33158,9/3/2019,GA1330016,000,STATE,3100,09/04/2019,11:20:00,9/5/2019,11:25:00,09/13/2019,A  ,,,,,A  ,,,,   ,,,,,,,,,,
result,BS33159,9/3/2019,GA1330012,000,STATE,3100,09/04/2019,11:20:00,9/5/2019,11:25:00,09/13/2019,A  ,,,,,A  ,,,,   ,,,,,,,,,,
result,BS33160,9/3/2019,GA1330065,000,STATE,3100,09/04/2019,11:20:00,9/5/2019,11:25:00,09/13/2019,A  ,,,,,A  ,,,,   ,,,,,,,,,,
result,BS33161,9/3/2019,GA1850009,000,STATE,3100,09/04/2019,11:20:00,9/5/2019,11:25:00,09/13/2019,A  ,,,,,A  ,,,,   ,,,,,,,,,,
result,BS33162,9/3/2019,GA1850053,000,STATE,3100,09/04/2019,11:20:00,9/5/2019,11:25:00,09/13/2019,A  ,,,,,A  ,,,,   ,,,,,,,,,,
result,BS33163,9/3/2019,GA1850313,000,STATE,3100,09/04/2019,11:20:00,9/5/2019,11:25:00,09/13/2019,A  ,,,,,A  ,,,,   ,,,,,,,,,,
result,BS33164,9/3/2019,GA1850059,000,STATE,3100,09/04/2019,11:20:00,9/5/2019,11:25:00,09/13/2019,A  ,,,,,A  ,,,,   ,,,,,,,,,,
result,BS33165,9/3/2019,GA1850050,000,STATE,3100,09/04/2019,11:20:00,9/5/2019,11:25:00,09/13/2019,A  ,,,,,A  ,,,,   ,,,,,,,,,,
result,BS33166,9/3/2019,GA0750039,000,STATE,3100,09/04/2019,11:20:00,9/5/2019,11:25:00,09/13/2019,A  ,,,,,A  ,,,,   ,,,,,,,,,,
result,BS33167,9/3/2019,GA2410088,000,STATE,3014,09/04/2019,11:20:00,9/5/2019,15:10:00,09/13/2019,A  ,,,,,A  ,,,,   ,,,,,,,,,,
result,BS33167,9/3/2019,GA2410088,000,STATE,3100,09/04/2019,11:20:00,9/5/2019,15:10:00,09/13/2019,A  ,,,,,P  ,,,,   ,,,,,,,,,,
result,BS33168,9/3/2019,GA2410122,000,STATE,3100,09/04/2019,11:20:00,9/5/2019,11:25:00,09/13/2019,A  ,,,,,A  ,,,,   ,,,,,,,,,,
result,BS33169,9/3/2019,GA1230086,000,STATE,3100,09/04/2019,11:20:00,9/5/2019,11:25:00,09/13/2019,A  ,,,,,A  ,,,,   ,,,,,,,,,,
result,BS33170,9/4/2019,GA1130007,000,STATE,3100,09/04/2019,11:20:00,9/5/2019,11:25:00,09/13/2019,A  ,,,,,A  ,,,,   ,,,,,,,,,,
result,BS33171,9/4/2019,GA1130009,000,STATE,3100,09/04/2019,11:20:00,9/5/2019,11:25:00,09/13/2019,A  ,,,,,A  ,,,,   ,,,,,,,,,,
result,BS33172,9/3/2019,GA2270003,000,STATE,3100,09/04/2019,11:20:00,9/5/2019,11:25:00,09/13/2019,A  ,,,,,A  ,,,,   ,,,,,,,,,,
result,BS33173,9/3/2019,GA2270003,000,STATE,3100,09/04/2019,11:20:00,9/5/2019,11:25:00,09/13/2019,A  ,,,,,A  ,,,,   ,,,,,,,,,,
result,BS33174,9/3/2019,GA2270003,000,STATE,3100,09/04/2019,11:20:00,9/5/2019,11:25:00,09/13/2019,A  ,,,,,A  ,,,,   ,,,,,,,,,,
result,BS33175,9/3/2019,GA1330051,000,STATE,3100,09/04/2019,11:20:00,9/5/2019,11:25:00,09/13/2019,A  ,,,,,A  ,,,,   ,,,,,,,,,,
result,BS33176,9/3/2019,GA0370002,000,STATE,3100,09/04/2019,11:20:00,9/5/2019,11:25:00,09/13/2019,A  ,,,,,A  ,,,,   ,,,,,,,,,,
result,BS33179,9/3/2019,GA0370002,000,STATE,3100,09/04/2019,11:20:00,9/5/2019,11:25:00,09/13/2019,A  ,,,,,A  ,,,,   ,,,,,,,,,,
result,BS33180,9/3/2019,GA0370002,000,STATE,3014,09/04/2019,11:20:00,9/5/2019,11:25:00,09/13/2019,A  ,,,,,A  ,,,,   ,,,,,,,,,,
result,BS33180,9/3/2019,GA0370002,000,STATE,3100,09/04/2019,11:20:00,9/5/2019,11:25:00,09/13/2019,A  ,,,,,P  ,,,,   ,,,,,,,,,,
result,BS33181,9/3/2019,GA1430000,000,STATE,3100,09/04/2019,11:20:00,9/5/2019,11:25:00,09/13/2019,A  ,,,,,A  ,,,,   ,,,,,,,,,,
result,BS33182,9/3/2019,GA1430000,000,STATE,3100,09/04/2019,11:20:00,9/5/2019,11:25:00,09/13/2019,A  ,,,,,A  ,,,,   ,,,,,,,,,,
result,BS33183,9/3/2019,GA1430000,000,STATE,3100,09/04/2019,11:20:00,9/5/2019,11:25:00,09/13/2019,A  ,,,,,A  ,,,,   ,,,,,,,,,,
result,BS33184,9/3/2019,GA1430000,000,STATE,3100,09/04/2019,11:20:00,9/5/2019,11:25:00,09/13/2019,A  ,,,,,A  ,,,,   ,,,,,,,,,,
result,BS33185,9/3/2019,GA2810007,000,STATE,3100,09/04/2019,11:20:00,9/5/2019,11:25:00,09/13/2019,A  ,,,,,A  ,,,,   ,,,,,,,,,,
result,BS33186,9/3/2019,GA2810007,000,STATE,3100,09/04/2019,11:20:00,9/5/2019,11:25:00,09/13/2019,A  ,,,,,A  ,,,,   ,,,,,,,,,,
result,BS33187,9/3/2019,GA2810007,000,STATE,3100,09/04/2019,11:20:00,9/5/2019,11:25:00,09/13/2019,A  ,,,,,A  ,,,,   ,,,,,,,,,,
result,BS33188,9/3/2019,GA2810007,000,STATE,3100,09/04/2019,11:20:00,9/5/2019,11:25:00,09/13/2019,A  ,,,,,A  ,,,,   ,,,,,,,,,,
result,BS33189,9/3/2019,GA2910000,000,STATE,3100,09/04/2019,11:20:00,9/5/2019,11:25:00,09/13/2019,A  ,,,,,A  ,,,,   ,,,,,,,,,,
result,BS33190,9/3/2019,GA2910000,000,STATE,3100,09/04/2019,11:20:00,9/5/2019,11:25:00,09/13/2019,A  ,,,,,A  ,,,,   ,,,,,,,,,,
result,BS33191,9/3/2019,GA2910000,000,STATE,3100,09/04/2019,11:20:00,9/5/2019,11:25:00,09/13/2019,A  ,,,,,A  ,,,,   ,,,,,,,,,,
result,BS33192,9/3/2019,GA2910000,000,STATE,3100,09/04/2019,11:20:00,9/5/2019,11:25:00,09/13/2019,A  ,,,,,A  ,,,,   ,,,,,,,,,,
result,BS33193,9/3/2019,GA2910000,000,STATE,3100,09/04/2019,11:20:00,9/5/2019,11:25:00,09/13/2019,A  ,,,,,A  ,,,,   ,,,,,,,,,,
result,BS33194,9/3/2019,GA0230000,000,STATE,3100,09/04/2019,11:20:00,9/5/2019,11:25:00,09/13/2019,A  ,,,,,A  ,,,,   ,,,,,,,,,,
result,BS33195,9/3/2019,GA0230000,000,STATE,3100,09/04/2019,11:20:00,9/5/2019,11:25:00,09/13/2019,A  ,,,,,A  ,,,,   ,,,,,,,,,,
result,BS33196,9/3/2019,GA0230000,000,STATE,3100,09/04/2019,11:20:00,9/5/2019,11:25:00,09/13/2019,A  ,,,,,A  ,,,,   ,,,,,,,,,,
result,BS33197,9/3/2019,GA1330000,000,STATE,3100,09/04/2019,11:20:00,9/5/2019,11:25:00,09/13/2019,A  ,,,,,A  ,,,,   ,,,,,,,,,,
result,BS33198,9/3/2019,GA1330000,000,STATE,3100,09/04/2019,11:20:00,9/5/2019,11:25:00,09/13/2019,A  ,,,,,A  ,,,,   ,,,,,,,,,,
result,BS33199,9/3/2019,GA1330000,000,STATE,3100,09/04/2019,11:20:00,9/5/2019,11:25:00,09/13/2019,A  ,,,,,A  ,,,,   ,,,,,,,,,,
result,BS33200,9/3/2019,GA3110072,000,STATE,3100,09/04/2019,11:20:00,9/5/2019,11:25:00,09/13/2019,A  ,,,,,A  ,,,,   ,,,,,,,,,,
result,BS33201,9/3/2019,GA3110072,000,STATE,3100,09/04/2019,11:20:00,9/5/2019,11:25:00,09/13/2019,A  ,,,,,A  ,,,,   ,,,,,,,,,,
result,BS33202,9/3/2019,GA3110072,000,STATE,3100,09/04/2019,11:20:00,9/5/2019,11:25:00,09/13/2019,A  ,,,,,A  ,,,,   ,,,,,,,,,,
result,BS33203,9/3/2019,GA1530000,000,STATE,3100,09/04/2019,11:20:00,9/5/2019,11:25:00,09/13/2019,A  ,,,,,A  ,,,,   ,,,,,,,,,,
result,BS33204,9/3/2019,GA1530000,000,STATE,3100,09/04/2019,11:20:00,9/5/2019,11:25:00,09/13/2019,A  ,,,,,A  ,,,,   ,,,,,,,,,,
result,BS33205,9/3/2019,GA1530000,000,STATE,3100,09/04/2019,11:20:00,9/5/2019,11:25:00,09/13/2019,A  ,,,,,A  ,,,,   ,,,,,,,,,,
result,BS33206,9/3/2019,GA1530000,000,STATE,3100,09/04/2019,11:20:00,9/5/2019,11:25:00,09/13/2019,A  ,,,,,A  ,,,,   ,,,,,,,,,,
result,BS33207,9/3/2019,GA2410089,000,STATE,3100,09/04/2019,12:15:00,9/5/2019,12:20:00,09/13/2019,A  ,,,,,A  ,,,,   ,,,,,,,,,,
result,BS33208,9/3/2019,GA1130016,000,STATE,3100,09/04/2019,12:15:00,9/5/2019,12:20:00,09/13/2019,A  ,,,,,A  ,,,,   ,,,,,,,,,,
result,BS33209,9/3/2019,GA2910097,000,STATE,3100,09/04/2019,12:15:00,9/5/2019,12:20:00,09/13/2019,A  ,,,,,A  ,,,,   ,,,,,,,,,,
result,BS33210,9/3/2019,GA2910104,000,STATE,3100,09/04/2019,12:15:00,9/5/2019,12:20:00,09/13/2019,A  ,,,,,A  ,,,,   ,,,,,,,,,,
result,BS33211,9/3/2019,GA2810050,000,STATE,3100,09/04/2019,12:15:00,9/5/2019,12:20:00,09/13/2019,A  ,,,,,A  ,,,,   ,,,,,,,,,,
result,BS33212,9/3/2019,GA1850329,000,STATE,3100,09/04/2019,12:15:00,9/5/2019,12:20:00,09/13/2019,A  ,,,,,A  ,,,,   ,,,,,,,,,,
result,BS33213,9/3/2019,GA1330071,000,STATE,3100,09/04/2019,12:15:00,9/5/2019,12:20:00,09/13/2019,A  ,,,,,A  ,,,,   ,,,,,,,,,,
result,BS33214,9/3/2019,GA1410016,000,STATE,3100,09/04/2019,12:15:00,9/5/2019,12:20:00,09/13/2019,A  ,,,,,A  ,,,,   ,,,,,,,,,,
result,BS33215,9/3/2019,GA2370085,000,STATE,3100,09/04/2019,12:15:00,9/5/2019,12:20:00,09/13/2019,A  ,,,,,A  ,,,,   ,,,,,,,,,,
result,BS33216,9/3/2019,GA1690001,000,STATE,3100,09/04/2019,12:15:00,9/5/2019,12:20:00,09/13/2019,A  ,,,,,A  ,,,,   ,,,,,,,,,,
result,BS33217,9/3/2019,GA2210065,000,STATE,3100,09/04/2019,12:15:00,9/5/2019,12:20:00,09/13/2019,A  ,,,,,A  ,,,,   ,,,,,,,,,,
result,BS33218,9/3/2019,GA1890005,000,STATE,3100,09/04/2019,12:15:00,9/5/2019,12:20:00,09/13/2019,A  ,,,,,A  ,,,,   ,,,,,,,,,,
result,BS33219,9/3/2019,GA1890006,000,STATE,3100,09/04/2019,12:15:00,9/5/2019,12:20:00,09/13/2019,A  ,,,,,A  ,,,,   ,,,,,,,,,,
result,BS33220,9/3/2019,GA2370064,000,STATE,3100,09/04/2019,12:15:00,9/5/2019,12:20:00,09/13/2019,A  ,,,,,A  ,,,,   ,,,,,,,,,,
result,BS33221,9/3/2019,GA2110009,000,STATE,3100,09/04/2019,12:15:00,9/5/2019,12:20:00,09/13/2019,A  ,,,,,A  ,,,,   ,,,,,,,,,,
result,BS33222,9/3/2019,GA2110008,000,STATE,3100,09/04/2019,12:15:00,9/5/2019,12:20:00,09/13/2019,A  ,,,,,A  ,,,,   ,,,,,,,,,,
result,BS33223,9/3/2019,GA2190073,000,STATE,3100,09/04/2019,12:15:00,9/5/2019,12:20:00,09/13/2019,A  ,,,,,A  ,,,,   ,,,,,,,,,,
result,BS33224,9/3/2019,GA0450045,000,STATE,3100,09/04/2019,12:15:00,9/5/2019,12:20:00,09/13/2019,A  ,,,,,A  ,,,,   ,,,,,,,,,,
result,BS33225,9/3/2019,GA0450045,000,STATE,3100,09/04/2019,12:15:00,9/5/2019,12:20:00,09/13/2019,A  ,,,,,A  ,,,,   ,,,,,,,,,,
result,BS33226,9/3/2019,GA2270000,000,STATE,3100,09/04/2019,12:15:00,9/5/2019,12:20:00,09/13/2019,A  ,,,,,A  ,,,,   ,,,,,,,,,,
result,BS33227,9/3/2019,GA2270000,000,STATE,3100,09/04/2019,12:15:00,9/5/2019,12:20:00,09/13/2019,A  ,,,,,A  ,,,,   ,,,,,,,,,,
result,BS33228,9/3/2019,GA2270000,000,STATE,3100,09/04/2019,12:15:00,9/5/2019,12:20:00,09/13/2019,A  ,,,,,A  ,,,,   ,,,,,,,,,,
result,BS33229,9/3/2019,GA2270000,000,STATE,3100,09/04/2019,12:15:00,9/5/2019,12:20:00,09/13/2019,A  ,,,,,A  ,,,,   ,,,,,,,,,,
result,BS33230,9/3/2019,GA2270000,000,STATE,3100,09/04/2019,12:15:00,9/5/2019,12:20:00,09/13/2019,A  ,,,,,A  ,,,,   ,,,,,,,,,,
result,BS33231,9/3/2019,GA0910003,000,STATE,3100,09/04/2019,12:15:00,9/5/2019,12:20:00,09/13/2019,A  ,,,,,A  ,,,,   ,,,,,,,,,,
result,BS33232,9/3/2019,GA0910002,000,STATE,3100,09/04/2019,12:15:00,9/5/2019,12:20:00,09/13/2019,A  ,,,,,A  ,,,,   ,,,,,,,,,,
result,BS33233,9/3/2019,GA0910002,000,STATE,3100,09/04/2019,12:15:00,9/5/2019,12:20:00,09/13/2019,A  ,,,,,A  ,,,,   ,,,,,,,,,,
result,BS33234,9/3/2019,GA0910002,000,STATE,3100,09/04/2019,12:15:00,9/5/2019,12:20:00,09/13/2019,A  ,,,,,A  ,,,,   ,,,,,,,,,,
result,BS33235,9/3/2019,GA0910002,000,STATE,3100,09/04/2019,12:15:00,9/5/2019,12:20:00,09/13/2019,A  ,,,,,A  ,,,,   ,,,,,,,,,,
result,BS33236,9/3/2019,GA1470000,000,STATE,3100,09/04/2019,12:15:00,9/5/2019,12:20:00,09/13/2019,A  ,,,,,A  ,,,,   ,,,,,,,,,,
result,BS33237,9/3/2019,GA1470000,000,STATE,3100,09/04/2019,12:15:00,9/5/2019,12:20:00,09/13/2019,A  ,,,,,A  ,,,,   ,,,,,,,,,,
result,BS33238,9/3/2019,GA1470000,000,STATE,3100,09/04/2019,12:15:00,9/5/2019,12:20:00,09/13/2019,A  ,,,,,A  ,,,,   ,,,,,,,,,,
result,BS33239,9/3/2019,GA1470000,000,STATE,3100,09/04/2019,12:15:00,9/5/2019,12:20:00,09/13/2019,A  ,,,,,A  ,,,,   ,,,,,,,,,,
result,BS33240,9/3/2019,GA2410105,000,STATE,3100,09/04/2019,12:15:00,9/5/2019,12:20:00,09/13/2019,A  ,,,,,A  ,,,,   ,,,,,,,,,,
result,BS33241,9/3/2019,GA2510048,000,STATE,3100,09/04/2019,12:15:00,9/5/2019,12:20:00,09/13/2019,A  ,,,,,A  ,,,,   ,,,,,,,,,,
result,BS33242,9/3/2019,GA2510050,000,STATE,3100,09/04/2019,12:15:00,9/5/2019,12:20:00,09/13/2019,A  ,,,,,A  ,,,,   ,,,,,,,,,,
result,BS33243,9/3/2019,GA2510053,000,STATE,3100,09/04/2019,12:15:00,9/5/2019,12:20:00,09/13/2019,A  ,,,,,A  ,,,,   ,,,,,,,,,,
result,BS33244,9/3/2019,GA1030100,000,STATE,3100,09/04/2019,12:15:00,9/5/2019,12:20:00,09/13/2019,A  ,,,,,A  ,,,,   ,,,,,,,,,,
result,BS33245,9/3/2019,GA1590004,000,STATE,3100,09/04/2019,12:15:00,9/5/2019,12:20:00,09/13/2019,A  ,,,,,A  ,,,,   ,,,,,,,,,,
result,BS33246,9/3/2019,GA2410124,000,STATE,3100,09/04/2019,12:15:00,9/5/2019,12:20:00,09/13/2019,A  ,,,,,A  ,,,,   ,,,,,,,,,,
result,BS33247,9/3/2019,GA2410104,000,STATE,3100,09/04/2019,12:15:00,9/5/2019,12:20:00,09/13/2019,A  ,,,,,A  ,,,,   ,,,,,,,,,,
result,BS33248,9/3/2019,GA2410136,000,STATE,3100,09/04/2019,12:15:00,9/5/2019,12:20:00,09/13/2019,A  ,,,,,A  ,,,,   ,,,,,,,,,,
result,BS33249,9/3/2019,GA3110038,000,STATE,3100,09/04/2019,12:15:00,9/5/2019,12:20:00,09/13/2019,A  ,,,,,A  ,,,,   ,,,,,,,,,,
result,BS33250,9/3/2019,GA2410045,000,STATE,3100,09/04/2019,12:15:00,9/5/2019,12:20:00,09/13/2019,A  ,,,,,A  ,,,,   ,,,,,,,,,,
result,BS33251,9/3/2019,GA2810031,000,STATE,3100,09/04/2019,12:15:00,9/5/2019,12:20:00,09/13/2019,A  ,,,,,A  ,,,,   ,,,,,,,,,,
result,BS33252,9/3/2019,GA3110100,000,STATE,3100,09/04/2019,12:15:00,9/5/2019,12:20:00,09/13/2019,A  ,,,,,A  ,,,,   ,,,,,,,,,,
result,BS33253,9/3/2019,GA2810012,000,STATE,3100,09/04/2019,12:15:00,9/5/2019,12:20:00,09/13/2019,A  ,,,,,A  ,,,,   ,,,,,,,,,,
result,BS33254,9/3/2019,GA1190001,000,STATE,3100,09/04/2019,12:15:00,9/5/2019,12:20:00,09/13/2019,A  ,,,,,A  ,,,,   ,,,,,,,,,,
result,BS33255,9/3/2019,GA2890026,000,STATE,3100,09/04/2019,12:15:00,9/5/2019,12:20:00,09/13/2019,A  ,,,,,A  ,,,,   ,,,,,,,,,,
result,BS33256,9/3/2019,GA1470071,000,STATE,3100,09/04/2019,12:15:00,9/5/2019,12:20:00,09/13/2019,A  ,,,,,A  ,,,,   ,,,,,,,,,,
result,BS33257,9/3/2019,GA0210075,000,STATE,3100,09/04/2019,13:45:00,9/5/2019,14:00:00,09/13/2019,A  ,,,,,A  ,,,,   ,,,,,,,,,,
result,BS33258,9/3/2019,GA0210075,000,STATE,3014,09/04/2019,13:45:00,9/5/2019,14:00:00,09/13/2019,A  ,,,,,A  ,,,,   ,,,,,,,,,,
result,BS33258,9/3/2019,GA0210075,000,STATE,3100,09/04/2019,13:45:00,9/5/2019,14:00:00,09/13/2019,A  ,,,,,P  ,,,,   ,,,,,,,,,,
result,BS33259,9/3/2019,GA0210075,000,STATE,3014,09/04/2019,13:45:00,9/5/2019,14:00:00,09/13/2019,A  ,,,,,A  ,,,,   ,,,,,,,,,,
result,BS33259,9/3/2019,GA0210075,000,STATE,3100,09/04/2019,13:45:00,9/5/2019,14:00:00,09/13/2019,A  ,,,,,P  ,,,,   ,,,,,,,,,,
result,BS33260,9/3/2019,GA0210075,000,STATE,3100,09/04/2019,13:45:00,9/5/2019,14:00:00,09/13/2019,A  ,,,,,A  ,,,,   ,,,,,,,,,,
result,BS33261,9/3/2019,GA0210075,000,STATE,3100,09/04/2019,13:45:00,9/5/2019,14:00:00,09/13/2019,A  ,,,,,A  ,,,,   ,,,,,,,,,,
result,BS33262,9/3/2019,GA0330021,000,STATE,3014,09/04/2019,13:45:00,9/5/2019,14:00:00,09/13/2019,A  ,,,,,A  ,,,,   ,,,,,,,,,,
result,BS33262,9/3/2019,GA0330021,000,STATE,3100,09/04/2019,13:45:00,9/5/2019,14:00:00,09/13/2019,A  ,,,,,P  ,,,,   ,,,,,,,,,,
result,BS33263,9/3/2019,GA0330021,000,STATE,3014,09/04/2019,13:45:00,9/5/2019,14:00:00,09/13/2019,A  ,,,,,A  ,,,,   ,,,,,,,,,,
result,BS33263,9/3/2019,GA0330021,000,STATE,3100,09/04/2019,13:45:00,9/5/2019,14:00:00,09/13/2019,A  ,,,,,P  ,,,,   ,,,,,,,,,,
result,BS33264,9/3/2019,GA0330021,000,STATE,3100,09/04/2019,13:45:00,9/5/2019,14:00:00,09/13/2019,A  ,,,,,A  ,,,,   ,,,,,,,,,,
result,BS33265,9/3/2019,GA0330021,000,STATE,3014,09/04/2019,13:45:00,9/5/2019,14:00:00,09/13/2019,A  ,,,,,A  ,,,,   ,,,,,,,,,,
result,BS33265,9/3/2019,GA0330021,000,STATE,3100,09/04/2019,13:45:00,9/5/2019,14:00:00,09/13/2019,A  ,,,,,P  ,,,,   ,,,,,,,,,,
result,BS33266,9/3/2019,GA1470058,000,STATE,3100,09/04/2019,13:45:00,9/5/2019,14:00:00,09/13/2019,A  ,,,,,A  ,,,,   ,,,,,,,,,,
result,BS33267,9/3/2019,GA1470052,000,STATE,3100,09/04/2019,13:45:00,9/5/2019,14:00:00,09/13/2019,A  ,,,,,A  ,,,,   ,,,,,,,,,,
result,BS33268,9/3/2019,GA1470053,000,STATE,3100,09/04/2019,13:45:00,9/5/2019,14:00:00,09/13/2019,A  ,,,,,A  ,,,,   ,,,,,,,,,,
result,BS33269,9/3/2019,GA1470060,000,STATE,3100,09/04/2019,13:45:00,9/5/2019,14:00:00,09/13/2019,A  ,,,,,A  ,,,,   ,,,,,,,,,,
result,BS33270,9/3/2019,GA1470070,000,STATE,3100,09/04/2019,13:45:00,9/5/2019,14:00:00,09/13/2019,A  ,,,,,A  ,,,,   ,,,,,,,,,,
result,BS33271,9/3/2019,GA1470076,000,STATE,3100,09/04/2019,13:45:00,9/5/2019,14:00:00,09/13/2019,A  ,,,,,A  ,,,,   ,,,,,,,,,,
result,BS33272,9/3/2019,GA1470009,000,STATE,3100,09/04/2019,13:45:00,9/5/2019,14:00:00,09/13/2019,A  ,,,,,A  ,,,,   ,,,,,,,,,,
result,BS33273,9/3/2019,GA2810040,000,STATE,3100,09/04/2019,13:45:00,9/5/2019,14:00:00,09/13/2019,A  ,,,,,A  ,,,,   ,,,,,,,,,,
result,BS33274,9/3/2019,GA2410129,000,STATE,3100,09/04/2019,13:45:00,9/5/2019,14:00:00,09/13/2019,A  ,,,,,A  ,,,,   ,,,,,,,,,,
result,BS33275,9/3/2019,GA1990003,000,STATE,3100,09/04/2019,13:45:00,9/5/2019,14:00:00,09/13/2019,A  ,,,,,A  ,,,,   ,,,,,,,,,,
result,BS33276,9/3/2019,GA1990003,000,STATE,3100,09/04/2019,13:45:00,9/5/2019,14:00:00,09/13/2019,A  ,,,,,A  ,,,,   ,,,,,,,,,,
result,BS33277,9/3/2019,GA1990003,000,STATE,3100,09/04/2019,13:45:00,9/5/2019,14:00:00,09/13/2019,A  ,,,,,A  ,,,,   ,,,,,,,,,,
result,BS33278,9/3/2019,GA2350000,000,STATE,3100,09/04/2019,13:45:00,9/5/2019,14:00:00,09/13/2019,A  ,,,,,A  ,,,,   ,,,,,,,,,,
result,BS33279,9/3/2019,GA2310002,000,STATE,3100,09/04/2019,13:45:00,9/5/2019,14:00:00,09/13/2019,A  ,,,,,A  ,,,,   ,,,,,,,,,,
result,BS33280,9/3/2019,GA2310003,000,STATE,3100,09/04/2019,13:45:00,9/5/2019,14:00:00,09/13/2019,A  ,,,,,A  ,,,,   ,,,,,,,,,,
result,BS33281,9/3/2019,GA2710003,000,STATE,3100,09/04/2019,13:45:00,9/5/2019,14:00:00,09/13/2019,A  ,,,,,A  ,,,,   ,,,,,,,,,,
result,BS33282,9/3/2019,GA2710003,000,STATE,3100,09/04/2019,13:45:00,9/5/2019,14:00:00,09/13/2019,A  ,,,,,A  ,,,,   ,,,,,,,,,,
result,BS33283,9/3/2019,GA2710003,000,STATE,3100,09/04/2019,13:45:00,9/5/2019,14:00:00,09/13/2019,A  ,,,,,A  ,,,,   ,,,,,,,,,,
result,BS33284,9/3/2019,GA2410001,000,STATE,3100,09/04/2019,13:45:00,9/5/2019,14:00:00,09/13/2019,A  ,,,,,A  ,,,,   ,,,,,,,,,,
result,BS33285,9/3/2019,GA1930000,000,STATE,3100,09/04/2019,13:45:00,9/5/2019,14:00:00,09/13/2019,A  ,,,,,A  ,,,,   ,,,,,,,,,,
result,BS33286,9/3/2019,GA2630000,000,STATE,3100,09/04/2019,13:45:00,9/5/2019,14:00:00,09/13/2019,A  ,,,,,A  ,,,,   ,,,,,,,,,,
result,BS33287,9/3/2019,GA1070001,000,STATE,3100,09/04/2019,13:45:00,9/5/2019,14:00:00,09/13/2019,A  ,,,,,A  ,,,,   ,,,,,,,,,,
result,BS33288,9/3/2019,GA1950000,000,STATE,3100,09/04/2019,13:45:00,9/5/2019,14:00:00,09/13/2019,A  ,,,,,A  ,,,,   ,,,,,,,,,,
result,BS33289,9/3/2019,GA1070000,000,STATE,3100,09/04/2019,13:45:00,9/5/2019,14:00:00,09/13/2019,A  ,,,,,A  ,,,,   ,,,,,,,,,,
result,BS33290,9/3/2019,GA1330004,000,STATE,3100,09/04/2019,13:45:00,9/5/2019,14:00:00,09/13/2019,A  ,,,,,A  ,,,,   ,,,,,,,,,,
result,BS33291,9/3/2019,GA1810033,000,STATE,3100,09/04/2019,13:45:00,9/5/2019,14:00:00,09/13/2019,A  ,,,,,A  ,,,,   ,,,,,,,,,,
result,BS33292,9/3/2019,GA2410119,000,STATE,3100,09/04/2019,13:45:00,9/5/2019,14:00:00,09/13/2019,A  ,,,,,A  ,,,,   ,,,,,,,,,,
result,BS33293,9/3/2019,GA1750110,000,STATE,3100,09/04/2019,13:45:00,9/5/2019,14:00:00,09/13/2019,A  ,,,,,A  ,,,,   ,,,,,,,,,,
result,BS33294,9/3/2019,GA2370090,000,STATE,3100,09/04/2019,13:45:00,9/5/2019,14:00:00,09/13/2019,A  ,,,,,A  ,,,,   ,,,,,,,,,,
result,BS33295,9/3/2019,GA1130005,000,STATE,3100,09/04/2019,13:45:00,9/5/2019,14:00:00,09/13/2019,A  ,,,,,A  ,,,,   ,,,,,,,,,,
result,BS33296,9/3/2019,GA2930009,000,STATE,3100,09/04/2019,13:45:00,9/5/2019,14:00:00,09/13/2019,A  ,,,,,A  ,,,,   ,,,,,,,,,,
result,BS33297,9/3/2019,GA2930015,000,STATE,3100,09/04/2019,13:45:00,9/5/2019,14:00:00,09/13/2019,A  ,,,,,A  ,,,,   ,,,,,,,,,,
result,BS33298,9/3/2019,GA2930016,000,STATE,3100,09/04/2019,13:45:00,9/5/2019,14:00:00,09/13/2019,A  ,,,,,A  ,,,,   ,,,,,,,,,,
result,BS33299,9/3/2019,GA2930017,000,STATE,3100,09/04/2019,13:45:00,9/5/2019,14:00:00,09/13/2019,A  ,,,,,A  ,,,,   ,,,,,,,,,,
result,BS33300,9/3/2019,GA1470054,000,STATE,3100,09/04/2019,13:45:00,9/5/2019,14:00:00,09/13/2019,A  ,,,,,A  ,,,,   ,,,,,,,,,,
result,BS33301,9/3/2019,GA1470055,000,STATE,3100,09/04/2019,13:45:00,9/5/2019,14:00:00,09/13/2019,A  ,,,,,A  ,,,,   ,,,,,,,,,,
result,BS33302,9/3/2019,GA1470074,000,STATE,3100,09/04/2019,13:45:00,9/5/2019,14:00:00,09/13/2019,A  ,,,,,A  ,,,,   ,,,,,,,,,,
result,BS33303,9/3/2019,GA1470080,000,STATE,3100,09/04/2019,13:45:00,9/5/2019,14:00:00,09/13/2019,A  ,,,,,A  ,,,,   ,,,,,,,,,,
result,BS33304,9/3/2019,GA1470073,000,STATE,3100,09/04/2019,13:45:00,9/5/2019,14:00:00,09/13/2019,A  ,,,,,A  ,,,,   ,,,,,,,,,,
result,BS33305,9/3/2019,GA1470056,000,STATE,3100,09/04/2019,13:45:00,9/5/2019,14:00:00,09/13/2019,A  ,,,,,A  ,,,,   ,,,,,,,,,,
result,BS33306,9/3/2019,GA1470057,000,STATE,3100,09/04/2019,13:45:00,9/5/2019,14:00:00,09/13/2019,A  ,,,,,A  ,,,,   ,,,,,,,,,,
result,BS33307,9/3/2019,GA1470075,000,STATE,3100,09/04/2019,14:45:00,9/5/2019,15:35:00,09/13/2019,A  ,,,,,A  ,,,,   ,,,,,,,,,,
result,BS33308,9/3/2019,GA2470005,000,STATE,3100,09/04/2019,14:45:00,9/5/2019,15:35:00,09/13/2019,A  ,,,,,A  ,,,,   ,,,,,,,,,,
result,BS33309,9/3/2019,GA2470005,000,STATE,3100,09/04/2019,14:45:00,9/5/2019,15:35:00,09/13/2019,A  ,,,,,A  ,,,,   ,,,,,,,,,,
result,BS33310,9/3/2019,GA2470005,000,STATE,3100,09/04/2019,14:45:00,9/5/2019,15:35:00,09/13/2019,A  ,,,,,A  ,,,,   ,,,,,,,,,,
result,BS33311,9/3/2019,GA0790007,000,STATE,3100,09/04/2019,14:45:00,9/5/2019,15:35:00,09/13/2019,A  ,,,,,A  ,,,,   ,,,,,,,,,,
result,BS33312,9/4/2019,GA1590002,000,STATE,3100,09/04/2019,14:45:00,9/5/2019,15:35:00,09/13/2019,A  ,,,,,A  ,,,,   ,,,,,,,,,,
result,BS33313,9/4/2019,GA1590002,000,STATE,3100,09/04/2019,14:45:00,9/5/2019,15:35:00,09/13/2019,A  ,,,,,A  ,,,,   ,,,,,,,,,,
result,BS33314,9/4/2019,GA1590002,000,STATE,3100,09/04/2019,14:45:00,9/5/2019,15:35:00,09/13/2019,A  ,,,,,A  ,,,,   ,,,,,,,,,,
result,BS33315,9/3/2019,GA0610000,000,STATE,3100,09/04/2019,14:45:00,9/5/2019,15:35:00,09/13/2019,A  ,,,,,A  ,,,,   ,,,,,,,,,,
result,BS33316,9/3/2019,GA3110060,000,STATE,3100,09/04/2019,14:45:00,9/5/2019,15:35:00,09/13/2019,A  ,,,,,A  ,,,,   ,,,,,,,,,,
result,BS33317,9/3/2019,GA1370054,000,STATE,3100,09/04/2019,14:45:00,9/5/2019,15:35:00,09/13/2019,A  ,,,,,A  ,,,,   ,,,,,,,,,,
result,BS33318,9/3/2019,GA3110062,000,STATE,3014,09/04/2019,14:45:00,9/5/2019,15:35:00,09/13/2019,A  ,,,,,A  ,,,,   ,,,,,,,,,,
result,BS33318,9/3/2019,GA3110062,000,STATE,3100,09/04/2019,14:45:00,9/5/2019,15:35:00,09/13/2019,A  ,,,,,P  ,,,,   ,,,,,,,,,,
result,BS33319,9/3/2019,GA1370063,000,STATE,3100,09/04/2019,14:45:00,9/5/2019,15:35:00,09/13/2019,A  ,,,,,A  ,,,,   ,,,,,,,,,,
result,BS33320,9/3/2019,GA2570029,000,STATE,3100,09/04/2019,14:45:00,9/5/2019,15:35:00,09/13/2019,A  ,,,,,A  ,,,,   ,,,,,,,,,,
result,BS33321,9/3/2019,GA3110109,000,STATE,3100,09/04/2019,14:45:00,9/5/2019,15:35:00,09/13/2019,A  ,,,,,A  ,,,,   ,,,,,,,,,,
result,BS33322,9/3/2019,GA3110075,000,STATE,3100,09/04/2019,14:45:00,9/5/2019,15:35:00,09/13/2019,A  ,,,,,A  ,,,,   ,,,,,,,,,,
result,BS33323,9/3/2019,GA1370068,000,STATE,3100,09/04/2019,14:45:00,9/5/2019,15:35:00,09/13/2019,A  ,,,,,A  ,,,,   ,,,,,,,,,,
result,BS33324,9/3/2019,GA1370055,000,STATE,3100,09/04/2019,14:45:00,9/5/2019,15:35:00,09/13/2019,A  ,,,,,A  ,,,,   ,,,,,,,,,,
result,BS33326,9/3/2019,GA3110010,000,STATE,3100,09/04/2019,14:45:00,9/5/2019,15:35:00,09/13/2019,A  ,,,,,A  ,,,,   ,,,,,,,,,,
result,BS33327,9/3/2019,GA1370069,000,STATE,3100,09/04/2019,14:45:00,9/5/2019,15:35:00,09/13/2019,A  ,,,,,A  ,,,,   ,,,,,,,,,,
result,BS33328,9/3/2019,GA3110090,000,STATE,3100,09/04/2019,14:45:00,9/5/2019,15:35:00,09/13/2019,A  ,,,,,A  ,,,,   ,,,,,,,,,,
result,BS33329,9/3/2019,GA0010000,000,STATE,3100,09/04/2019,15:35:00,9/5/2019,15:35:00,09/13/2019,A  ,,,,,A  ,,,,   ,,,,,,,,,,
result,BS33330,9/3/2019,GA0010000,000,STATE,3100,09/04/2019,15:35:00,9/5/2019,15:35:00,09/13/2019,A  ,,,,,A  ,,,,   ,,,,,,,,,,
result,BS33331,9/3/2019,GA0010000,000,STATE,3100,09/04/2019,15:35:00,9/5/2019,15:35:00,09/13/2019,A  ,,,,,A  ,,,,   ,,,,,,,,,,
result,BS33332,9/3/2019,GA0010000,000,STATE,3100,09/04/2019,15:35:00,9/5/2019,15:35:00,09/13/2019,A  ,,,,,A  ,,,,   ,,,,,,,,,,
result,BS33333,9/4/2019,GA1510002,000,STATE,3100,09/05/2019,11:15:00,9/6/2019,11:20:00,09/13/2019,A  ,,,,,A  ,,,,   ,,,,,,,,,,
result,BS33334,9/4/2019,GA1510002,000,STATE,3100,09/05/2019,11:15:00,9/6/2019,11:20:00,09/13/2019,A  ,,,,,A  ,,,,   ,,,,,,,,,,
result,BS33335,9/4/2019,GA1510002,000,STATE,3100,09/05/2019,11:15:00,9/6/2019,11:20:00,09/13/2019,A  ,,,,,A  ,,,,   ,,,,,,,,,,
result,BS33336,9/4/2019,GA0570006,000,STATE,3100,09/05/2019,11:15:00,9/6/2019,11:20:00,09/13/2019,A  ,,,,,A  ,,,,   ,,,,,,,,,,
result,BS33337,9/4/2019,GA0570006,000,STATE,3100,09/05/2019,11:15:00,9/6/2019,11:20:00,09/13/2019,A  ,,,,,A  ,,,,   ,,,,,,,,,,
result,BS33338,9/4/2019,GA0570006,000,STATE,3100,09/05/2019,11:15:00,9/6/2019,11:20:00,09/13/2019,A  ,,,,,A  ,,,,   ,,,,,,,,,,
result,BS33339,9/4/2019,GA0550000,000,STATE,3100,09/05/2019,11:15:00,9/6/2019,11:20:00,09/13/2019,A  ,,,,,A  ,,,,   ,,,,,,,,,,
result,BS33340,9/4/2019,GA0550000,000,STATE,3100,09/05/2019,11:15:00,9/6/2019,11:20:00,09/13/2019,A  ,,,,,A  ,,,,   ,,,,,,,,,,
result,BS33341,9/4/2019,GA0550000,000,STATE,3100,09/05/2019,11:15:00,9/6/2019,11:20:00,09/13/2019,A  ,,,,,A  ,,,,   ,,,,,,,,,,
result,BS33342,9/4/2019,GA1450001,000,STATE,3100,09/05/2019,11:15:00,9/6/2019,11:20:00,09/13/2019,A  ,,,,,A  ,,,,   ,,,,,,,,,,
result,BS33343,9/4/2019,GA1450001,000,STATE,3100,09/05/2019,11:15:00,9/6/2019,11:20:00,09/13/2019,A  ,,,,,A  ,,,,   ,,,,,,,,,,
result,BS33344,9/4/2019,GA1230051,000,STATE,3100,09/05/2019,11:15:00,9/6/2019,11:20:00,09/13/2019,A  ,,,,,A  ,,,,   ,,,,,,,,,,
result,BS33345,9/4/2019,GA0610029,000,STATE,3100,09/05/2019,11:15:00,9/6/2019,11:20:00,09/13/2019,A  ,,,,,A  ,,,,   ,,,,,,,,,,
result,BS33346,9/4/2019,GA2910029,000,STATE,3100,09/05/2019,11:15:00,9/6/2019,11:20:00,09/13/2019,A  ,,,,,A  ,,,,   ,,,,,,,,,,
result,BS33347,9/4/2019,GA2170096,000,STATE,3100,09/05/2019,11:15:00,9/6/2019,11:20:00,09/13/2019,A  ,,,,,A  ,,,,   ,,,,,,,,,,
result,BS33348,9/4/2019,GA2970041,000,STATE,3100,09/05/2019,11:15:00,9/6/2019,11:20:00,09/13/2019,A  ,,,,,A  ,,,,   ,,,,,,,,,,
result,BS33349,9/4/2019,GA2190054,000,STATE,3100,09/05/2019,11:15:00,9/6/2019,11:20:00,09/13/2019,A  ,,,,,A  ,,,,   ,,,,,,,,,,
result,BS33350,9/4/2019,GA2190060,000,STATE,3100,09/05/2019,11:15:00,9/6/2019,11:20:00,09/13/2019,A  ,,,,,A  ,,,,   ,,,,,,,,,,
result,BS33351,9/4/2019,GA1570120,000,STATE,3100,09/05/2019,11:15:00,9/6/2019,11:20:00,09/13/2019,A  ,,,,,A  ,,,,   ,,,,,,,,,,
result,BS33352,9/4/2019,GA0130033,000,STATE,3100,09/05/2019,11:15:00,9/6/2019,11:20:00,09/13/2019,A  ,,,,,A  ,,,,   ,,,,,,,,,,
result,BS33353,9/4/2019,GA0130032,000,STATE,3100,09/05/2019,11:15:00,9/6/2019,11:20:00,09/13/2019,A  ,,,,,A  ,,,,   ,,,,,,,,,,
result,BS33354,9/4/2019,GA2170094,000,STATE,3100,09/05/2019,11:15:00,9/6/2019,11:20:00,09/13/2019,A  ,,,,,A  ,,,,   ,,,,,,,,,,
result,BS33355,9/4/2019,GA2190057,000,STATE,3100,09/05/2019,11:15:00,9/6/2019,11:20:00,09/13/2019,A  ,,,,,A  ,,,,   ,,,,,,,,,,
result,BS33356,9/4/2019,GA2190055,000,STATE,3100,09/05/2019,11:15:00,9/6/2019,11:20:00,09/13/2019,A  ,,,,,A  ,,,,   ,,,,,,,,,,
result,BS33357,9/4/2019,GA2190053,000,STATE,3100,09/05/2019,11:15:00,9/6/2019,11:20:00,09/13/2019,A  ,,,,,A  ,,,,   ,,,,,,,,,,
result,BS33358,9/4/2019,GA2190058,000,STATE,3100,09/05/2019,11:15:00,9/6/2019,11:20:00,09/13/2019,A  ,,,,,A  ,,,,   ,,,,,,,,,,
result,BS33359,9/4/2019,GA1950004,000,STATE,3100,09/05/2019,11:15:00,9/6/2019,11:20:00,09/13/2019,A  ,,,,,A  ,,,,   ,,,,,,,,,,
result,BS33360,9/4/2019,GA2910006,000,STATE,3100,09/05/2019,11:15:00,9/6/2019,11:20:00,09/13/2019,A  ,,,,,A  ,,,,   ,,,,,,,,,,
result,BS33361,9/4/2019,GA2910006,000,STATE,3100,09/05/2019,11:15:00,9/6/2019,11:20:00,09/13/2019,A  ,,,,,A  ,,,,   ,,,,,,,,,,
result,BS33362,9/4/2019,GA2910006,000,STATE,3100,09/05/2019,11:15:00,9/6/2019,11:20:00,09/13/2019,A  ,,,,,A  ,,,,   ,,,,,,,,,,
result,BS33364,9/4/2019,GA2910006,000,STATE,3100,09/05/2019,11:15:00,9/6/2019,11:20:00,09/13/2019,A  ,,,,,A  ,,,,   ,,,,,,,,,,
result,BS33365,9/4/2019,GA3110000,000,STATE,3100,09/05/2019,11:15:00,9/6/2019,11:20:00,09/13/2019,A  ,,,,,A  ,,,,   ,,,,,,,,,,
result,BS33366,9/4/2019,GA3110000,000,STATE,3100,09/05/2019,11:15:00,9/6/2019,11:20:00,09/13/2019,A  ,,,,,A  ,,,,   ,,,,,,,,,,
result,BS33367,9/4/2019,GA3110000,000,STATE,3100,09/05/2019,11:15:00,9/6/2019,11:20:00,09/13/2019,A  ,,,,,A  ,,,,   ,,,,,,,,,,
result,BS33368,9/4/2019,GA1430000,000,STATE,3100,09/05/2019,11:15:00,9/6/2019,11:20:00,09/13/2019,A  ,,,,,A  ,,,,   ,,,,,,,,,,
result,BS33369,9/4/2019,GA1430000,000,STATE,3100,09/05/2019,11:15:00,9/6/2019,11:20:00,09/13/2019,A  ,,,,,A  ,,,,   ,,,,,,,,,,
result,BS33370,9/4/2019,GA1430000,000,STATE,3100,09/05/2019,11:15:00,9/6/2019,11:20:00,09/13/2019,A  ,,,,,A  ,,,,   ,,,,,,,,,,
result,BS33371,9/4/2019,GA1690002,000,STATE,3100,09/05/2019,11:15:00,9/6/2019,11:20:00,09/13/2019,A  ,,,,,A  ,,,,   ,,,,,,,,,,
result,BS33372,9/4/2019,GA1690002,000,STATE,3100,09/05/2019,11:15:00,9/6/2019,11:20:00,09/13/2019,A  ,,,,,A  ,,,,   ,,,,,,,,,,
result,BS33373,9/4/2019,GA1690002,000,STATE,3100,09/05/2019,11:15:00,9/6/2019,11:20:00,09/13/2019,A  ,,,,,A  ,,,,   ,,,,,,,,,,
result,BS33374,9/4/2019,GA1690002,000,STATE,3100,09/05/2019,11:15:00,9/6/2019,11:20:00,09/13/2019,A  ,,,,,A  ,,,,   ,,,,,,,,,,
result,BS33375,9/4/2019,GA1690002,000,STATE,3100,09/05/2019,11:15:00,9/6/2019,11:20:00,09/13/2019,A  ,,,,,A  ,,,,   ,,,,,,,,,,
result,BS33376,9/4/2019,GA1690002,000,STATE,3100,09/05/2019,11:15:00,9/6/2019,11:20:00,09/13/2019,A  ,,,,,A  ,,,,   ,,,,,,,,,,
result,BS33377,9/4/2019,GA1110000,000,STATE,3100,09/05/2019,11:15:00,9/6/2019,11:20:00,09/13/2019,A  ,,,,,A  ,,,,   ,,,,,,,,,,
result,BS33378,9/4/2019,GA1110000,000,STATE,3100,09/05/2019,11:15:00,9/6/2019,11:20:00,09/13/2019,A  ,,,,,A  ,,,,   ,,,,,,,,,,
result,BS33379,9/4/2019,GA1110000,000,STATE,3100,09/05/2019,11:15:00,9/6/2019,11:20:00,09/13/2019,A  ,,,,,A  ,,,,   ,,,,,,,,,,
result,BS33380,9/4/2019,GA1110000,000,STATE,3100,09/05/2019,11:15:00,9/6/2019,11:20:00,09/13/2019,A  ,,,,,A  ,,,,   ,,,,,,,,,,
result,BS33381,9/4/2019,GA0590009,000,STATE,3100,09/05/2019,11:15:00,9/6/2019,11:20:00,09/13/2019,A  ,,,,,A  ,,,,   ,,,,,,,,,,
result,BS33382,9/4/2019,GA0610028,000,STATE,3100,09/05/2019,11:15:00,9/6/2019,11:20:00,09/13/2019,A  ,,,,,A  ,,,,   ,,,,,,,,,,
result,BS33383,9/4/2019,GA0730001,000,STATE,3100,09/05/2019,11:50:00,9/6/2019,12:00:00,09/13/2019,A  ,,,,,A  ,,,,   ,,,,,,,,,,
result,BS33384,9/4/2019,GA0730001,000,STATE,3100,09/05/2019,11:50:00,9/6/2019,12:00:00,09/13/2019,A  ,,,,,A  ,,,,   ,,,,,,,,,,
result,BS33385,9/4/2019,GA0730001,000,STATE,3100,09/05/2019,11:50:00,9/6/2019,12:00:00,09/13/2019,A  ,,,,,A  ,,,,   ,,,,,,,,,,
result,BS33386,9/4/2019,GA0730001,000,STATE,3100,09/05/2019,11:50:00,9/6/2019,12:00:00,09/13/2019,A  ,,,,,A  ,,,,   ,,,,,,,,,,
result,BS33387,9/4/2019,GA2770003,000,STATE,3100,09/05/2019,11:50:00,9/6/2019,12:00:00,09/13/2019,A  ,,,,,A  ,,,,   ,,,,,,,,,,
result,BS33388,9/4/2019,GA1850125,000,STATE,3100,09/05/2019,11:50:00,9/6/2019,12:00:00,09/13/2019,A  ,,,,,A  ,,,,   ,,,,,,,,,,
result,BS33389,9/4/2019,GA1850125,000,STATE,3100,09/05/2019,11:50:00,9/6/2019,12:00:00,09/13/2019,A  ,,,,,A  ,,,,   ,,,,,,,,,,
result,BS33390,9/4/2019,GA1850125,000,STATE,3100,09/05/2019,11:50:00,9/6/2019,12:00:00,09/13/2019,A  ,,,,,A  ,,,,   ,,,,,,,,,,
result,BS33391,9/4/2019,GA1850125,000,STATE,3100,09/05/2019,11:50:00,9/6/2019,12:00:00,09/13/2019,A  ,,,,,A  ,,,,   ,,,,,,,,,,
result,BS33392,9/5/2019,GA1390000,000,STATE,3100,09/05/2019,11:50:00,9/6/2019,12:00:00,09/13/2019,A  ,,,,,A  ,,,,   ,,,,,,,,,,
result,BS33393,9/5/2019,GA1390000,000,STATE,3100,09/05/2019,11:50:00,9/6/2019,12:00:00,09/13/2019,A  ,,,,,A  ,,,,   ,,,,,,,,,,
result,BS33394,9/5/2019,GA1390000,000,STATE,3100,09/05/2019,11:50:00,9/6/2019,12:00:00,09/13/2019,A  ,,,,,A  ,,,,   ,,,,,,,,,,
result,BS33395,9/4/2019,GA0690027,000,STATE,3100,09/05/2019,11:50:00,9/6/2019,12:00:00,09/13/2019,A  ,,,,,A  ,,,,   ,,,,,,,,,,
result,BS33396,9/4/2019,GA2210001,000,STATE,3100,09/05/2019,11:50:00,9/6/2019,12:00:00,09/13/2019,A  ,,,,,A  ,,,,   ,,,,,,,,,,
result,BS33397,9/4/2019,GA1930001,000,STATE,3100,09/05/2019,11:50:00,9/6/2019,12:00:00,09/13/2019,A  ,,,,,A  ,,,,   ,,,,,,,,,,
result,BS33398,9/4/2019,GA1930001,000,STATE,3100,09/05/2019,11:50:00,9/6/2019,12:00:00,09/13/2019,A  ,,,,,A  ,,,,   ,,,,,,,,,,
result,BS33399,9/4/2019,GA1410001,000,STATE,3100,09/05/2019,11:50:00,9/6/2019,12:00:00,09/13/2019,A  ,,,,,A  ,,,,   ,,,,,,,,,,
result,BS33400,9/4/2019,GA1190051,000,STATE,3100,09/05/2019,11:50:00,9/6/2019,12:00:00,09/13/2019,A  ,,,,,A  ,,,,   ,,,,,,,,,,
result,BS33401,9/4/2019,GA1190051,000,STATE,3100,09/05/2019,11:50:00,9/6/2019,12:00:00,09/13/2019,A  ,,,,,A  ,,,,   ,,,,,,,,,,
result,BS33402,9/4/2019,GA1190051,000,STATE,3100,09/05/2019,11:50:00,9/6/2019,12:00:00,09/13/2019,A  ,,,,,A  ,,,,   ,,,,,,,,,,
result,BS33403,9/4/2019,GA2070074,000,STATE,3100,09/05/2019,11:50:00,9/6/2019,12:00:00,09/13/2019,A  ,,,,,A  ,,,,   ,,,,,,,,,,
result,BS33404,9/4/2019,GA2070074,000,STATE,3100,09/05/2019,11:50:00,9/6/2019,12:00:00,09/13/2019,A  ,,,,,A  ,,,,   ,,,,,,,,,,
result,BS33405,9/4/2019,GA2070074,000,STATE,3100,09/05/2019,11:50:00,9/6/2019,12:00:00,09/13/2019,A  ,,,,,A  ,,,,   ,,,,,,,,,,
result,BS33406,9/4/2019,GA2210000,000,STATE,3100,09/05/2019,11:50:00,9/6/2019,12:00:00,09/13/2019,A  ,,,,,A  ,,,,   ,,,,,,,,,,
result,BS33407,9/4/2019,GA2210000,000,STATE,3100,09/05/2019,11:50:00,9/6/2019,12:00:00,09/13/2019,A  ,,,,,A  ,,,,   ,,,,,,,,,,
result,BS33408,9/4/2019,GA3150003,000,STATE,3100,09/05/2019,11:50:00,9/6/2019,12:00:00,09/13/2019,A  ,,,,,A  ,,,,   ,,,,,,,,,,
result,BS33409,9/4/2019,GA3150003,000,STATE,3100,09/05/2019,11:50:00,9/6/2019,12:00:00,09/13/2019,A  ,,,,,A  ,,,,   ,,,,,,,,,,
result,BS33410,9/4/2019,GA2710000,000,STATE,3100,09/05/2019,11:50:00,9/6/2019,12:00:00,09/13/2019,A  ,,,,,A  ,,,,   ,,,,,,,,,,
result,BS33411,9/4/2019,GA2710000,000,STATE,3100,09/05/2019,11:50:00,9/6/2019,12:00:00,09/13/2019,A  ,,,,,A  ,,,,   ,,,,,,,,,,
result,BS33412,9/4/2019,GA2710000,000,STATE,3100,09/05/2019,11:50:00,9/6/2019,12:00:00,09/13/2019,A  ,,,,,A  ,,,,   ,,,,,,,,,,
result,BS33413,9/4/2019,GA0110001,000,STATE,3100,09/05/2019,11:50:00,9/6/2019,12:00:00,09/13/2019,A  ,,,,,A  ,,,,   ,,,,,,,,,,
result,BS33414,9/4/2019,GA0110001,000,STATE,3100,09/05/2019,11:50:00,9/6/2019,12:00:00,09/13/2019,A  ,,,,,A  ,,,,   ,,,,,,,,,,
result,BS33415,9/4/2019,GA1870087,000,STATE,3100,09/05/2019,11:50:00,9/6/2019,12:00:00,09/13/2019,A  ,,,,,A  ,,,,   ,,,,,,,,,,
result,BS33416,9/4/2019,GA1870077,000,STATE,3100,09/05/2019,11:50:00,9/6/2019,12:00:00,09/13/2019,A  ,,,,,A  ,,,,   ,,,,,,,,,,
result,BS33417,9/4/2019,GA2250000,000,STATE,3100,09/05/2019,11:50:00,9/6/2019,12:00:00,09/13/2019,A  ,,,,,A  ,,,,   ,,,,,,,,,,
result,BS33418,9/4/2019,GA2250000,000,STATE,3100,09/05/2019,11:50:00,9/6/2019,12:00:00,09/13/2019,A  ,,,,,A  ,,,,   ,,,,,,,,,,
result,BS33419,9/4/2019,GA2250000,000,STATE,3100,09/05/2019,11:50:00,9/6/2019,12:00:00,09/13/2019,A  ,,,,,A  ,,,,   ,,,,,,,,,,
result,BS33420,9/4/2019,GA2310001,000,STATE,3100,09/05/2019,11:50:00,9/6/2019,12:00:00,09/13/2019,A  ,,,,,A  ,,,,   ,,,,,,,,,,
result,BS33421,9/4/2019,GA2210004,000,STATE,3100,09/05/2019,11:50:00,9/6/2019,12:00:00,09/13/2019,A  ,,,,,A  ,,,,   ,,,,,,,,,,
result,BS33422,9/4/2019,GA2210004,000,STATE,3100,09/05/2019,11:50:00,9/6/2019,12:00:00,09/13/2019,A  ,,,,,A  ,,,,   ,,,,,,,,,,
result,BS33423,9/4/2019,GA2790027,000,STATE,3100,09/05/2019,11:50:00,9/6/2019,12:00:00,09/13/2019,A  ,,,,,A  ,,,,   ,,,,,,,,,,
result,BS33424,9/4/2019,GA1130035,000,STATE,3100,09/05/2019,11:50:00,9/6/2019,12:00:00,09/13/2019,A  ,,,,,A  ,,,,   ,,,,,,,,,,
result,BS33425,9/4/2019,GA2310027,000,STATE,3100,09/05/2019,11:50:00,9/6/2019,12:00:00,09/13/2019,A  ,,,,,A  ,,,,   ,,,,,,,,,,
result,BS33426,9/4/2019,GA2310027,000,STATE,3100,09/05/2019,11:50:00,9/6/2019,12:00:00,09/13/2019,A  ,,,,,A  ,,,,   ,,,,,,,,,,
result,BS33427,9/4/2019,GA2310027,000,STATE,3100,09/05/2019,11:50:00,9/6/2019,12:00:00,09/13/2019,A  ,,,,,A  ,,,,   ,,,,,,,,,,
result,BS33428,9/4/2019,GA2310027,000,STATE,3100,09/05/2019,11:50:00,9/6/2019,12:00:00,09/13/2019,A  ,,,,,A  ,,,,   ,,,,,,,,,,
result,BS33429,9/4/2019,GA1950013,000,STATE,3100,09/05/2019,11:50:00,9/6/2019,12:00:00,09/13/2019,A  ,,,,,A  ,,,,   ,,,,,,,,,,
result,BS33430,9/4/2019,GA1810008,000,STATE,3100,09/05/2019,11:50:00,9/6/2019,12:00:00,09/13/2019,A  ,,,,,A  ,,,,   ,,,,,,,,,,
result,BS33431,9/4/2019,GA1110052,000,STATE,3100,09/05/2019,11:50:00,9/6/2019,12:00:00,09/13/2019,A  ,,,,,A  ,,,,   ,,,,,,,,,,
result,BS33432,9/4/2019,GA2910061,000,STATE,3100,09/05/2019,11:50:00,9/6/2019,12:00:00,09/13/2019,A  ,,,,,A  ,,,,   ,,,,,,,,,,
result,BS33433,9/4/2019,GA1870066,000,STATE,3100,09/05/2019,14:50:00,9/6/2019,14:50:00,09/13/2019,A  ,,,,,A  ,,,,   ,,,,,,,,,,
result,BS33434,9/4/2019,GA1870072,000,STATE,3100,09/05/2019,14:50:00,9/6/2019,14:50:00,09/13/2019,A  ,,,,,A  ,,,,   ,,,,,,,,,,
result,BS33435,9/4/2019,GA1870062,000,STATE,3100,09/05/2019,14:50:00,9/6/2019,14:50:00,09/13/2019,A  ,,,,,A  ,,,,   ,,,,,,,,,,
result,BS33436,9/4/2019,GA1870060,000,STATE,3100,09/05/2019,14:50:00,9/6/2019,14:50:00,09/13/2019,A  ,,,,,A  ,,,,   ,,,,,,,,,,
result,BS33437,9/4/2019,GA1870081,000,STATE,3100,09/05/2019,14:50:00,9/6/2019,14:50:00,09/13/2019,A  ,,,,,A  ,,,,   ,,,,,,,,,,
result,BS33438,9/4/2019,GA1870075,000,STATE,3100,09/05/2019,14:50:00,9/6/2019,14:50:00,09/13/2019,A  ,,,,,A  ,,,,   ,,,,,,,,,,
result,BS33439,9/4/2019,GA1870069,000,STATE,3100,09/05/2019,14:50:00,9/6/2019,14:50:00,09/13/2019,A  ,,,,,A  ,,,,   ,,,,,,,,,,
result,BS33440,9/4/2019,GA1870079,000,STATE,3100,09/05/2019,14:50:00,9/6/2019,14:50:00,09/13/2019,A  ,,,,,A  ,,,,   ,,,,,,,,,,
result,BS33441,9/4/2019,GA1870043,000,STATE,3100,09/05/2019,14:50:00,9/6/2019,14:50:00,09/13/2019,A  ,,,,,A  ,,,,   ,,,,,,,,,,
result,BS33442,9/4/2019,GA1870043,000,STATE,3100,09/05/2019,14:50:00,9/6/2019,14:50:00,09/13/2019,A  ,,,,,A  ,,,,   ,,,,,,,,,,
result,BS33443,9/4/2019,GA1870095,000,STATE,3100,09/05/2019,14:50:00,9/6/2019,14:50:00,09/13/2019,A  ,,,,,A  ,,,,   ,,,,,,,,,,
result,BS33444,9/5/2019,GA1510003,000,STATE,3100,09/05/2019,14:50:00,9/6/2019,14:50:00,09/13/2019,A  ,,,,,A  ,,,,   ,,,,,,,,,,
result,BS33445,9/5/2019,GA1510003,000,STATE,3100,09/05/2019,14:50:00,9/6/2019,14:50:00,09/13/2019,A  ,,,,,A  ,,,,   ,,,,,,,,,,
result,BS33446,9/5/2019,GA1510003,000,STATE,3100,09/05/2019,14:50:00,9/6/2019,14:50:00,09/13/2019,A  ,,,,,A  ,,,,   ,,,,,,,,,,
result,BS33447,9/5/2019,GA1510003,000,STATE,3100,09/05/2019,14:50:00,9/6/2019,14:50:00,09/13/2019,A  ,,,,,A  ,,,,   ,,,,,,,,,,
result,BS33448,9/5/2019,GA1510003,000,STATE,3100,09/05/2019,14:50:00,9/6/2019,14:50:00,09/13/2019,A  ,,,,,A  ,,,,   ,,,,,,,,,,
result,BS33449,9/5/2019,GA1510004,000,STATE,3100,09/05/2019,14:50:00,9/6/2019,14:50:00,09/13/2019,A  ,,,,,A  ,,,,   ,,,,,,,,,,
result,BS33450,9/5/2019,GA1510004,000,STATE,3100,09/05/2019,14:50:00,9/6/2019,14:50:00,09/13/2019,A  ,,,,,A  ,,,,   ,,,,,,,,,,
result,BS33451,9/5/2019,GA1510004,000,STATE,3100,09/05/2019,14:50:00,9/6/2019,14:50:00,09/13/2019,A  ,,,,,A  ,,,,   ,,,,,,,,,,
result,BS33452,9/5/2019,GA1510004,000,STATE,3100,09/05/2019,14:50:00,9/6/2019,14:50:00,09/13/2019,A  ,,,,,A  ,,,,   ,,,,,,,,,,
result,BS33453,9/4/2019,GA2110000,000,STATE,3100,09/05/2019,14:50:00,9/6/2019,14:50:00,09/13/2019,A  ,,,,,A  ,,,,   ,,,,,,,,,,
result,BS33454,9/4/2019,GA3170001,000,STATE,3100,09/05/2019,14:50:00,9/6/2019,14:50:00,09/13/2019,A  ,,,,,A  ,,,,   ,,,,,,,,,,
result,BS33455,9/4/2019,GA2130036,000,STATE,3100,09/05/2019,14:50:00,9/6/2019,14:50:00,09/13/2019,A  ,,,,,A  ,,,,   ,,,,,,,,,,
result,BS33456,9/4/2019,GA1370019,000,STATE,3100,09/05/2019,14:50:00,9/6/2019,14:50:00,09/13/2019,A  ,,,,,A  ,,,,   ,,,,,,,,,,
result,BS33457,9/4/2019,GA1870099,000,STATE,3100,09/05/2019,14:50:00,9/6/2019,14:50:00,09/13/2019,A  ,,,,,A  ,,,,   ,,,,,,,,,,
result,BS33458,9/4/2019,GA1870090,000,STATE,3100,09/05/2019,14:50:00,9/6/2019,14:50:00,09/13/2019,A  ,,,,,A  ,,,,   ,,,,,,,,,,
result,BS33459,9/4/2019,GA0110031,000,STATE,3100,09/05/2019,14:50:00,9/6/2019,14:50:00,09/13/2019,A  ,,,,,A  ,,,,   ,,,,,,,,,,
result,BS33460,9/4/2019,GA1370058,000,STATE,3100,09/05/2019,14:50:00,9/6/2019,14:50:00,09/13/2019,A  ,,,,,A  ,,,,   ,,,,,,,,,,
result,BS33461,9/4/2019,GA3110012,000,STATE,3100,09/05/2019,14:50:00,9/6/2019,14:50:00,09/13/2019,A  ,,,,,A  ,,,,   ,,,,,,,,,,
result,BS33462,9/4/2019,GA1870088,000,STATE,3100,09/05/2019,14:50:00,9/6/2019,14:50:00,09/13/2019,A  ,,,,,A  ,,,,   ,,,,,,,,,,
result,BS33463,9/5/2019,GA1390013,000,STATE,3100,09/05/2019,14:50:00,9/6/2019,14:50:00,09/13/2019,A  ,,,,,A  ,,,,   ,,,,,,,,,,
result,BS33464,9/5/2019,GA1390039,000,STATE,3100,09/05/2019,14:50:00,9/6/2019,14:50:00,09/13/2019,A  ,,,,,A  ,,,,   ,,,,,,,,,,
result,BS33465,9/4/2019,GA1870093,000,STATE,3100,09/05/2019,14:50:00,9/6/2019,14:50:00,09/13/2019,A  ,,,,,A  ,,,,   ,,,,,,,,,,
result,BS33466,9/4/2019,GA1870058,000,STATE,3100,09/05/2019,14:50:00,9/6/2019,14:50:00,09/13/2019,A  ,,,,,A  ,,,,   ,,,,,,,,,,
result,BS33467,9/4/2019,GA1870082,000,STATE,3014,09/05/2019,14:50:00,9/6/2019,14:50:00,09/13/2019,A  ,,,,,A  ,,,,   ,,,,,,,,,,
result,BS33467,9/4/2019,GA1870082,000,STATE,3100,09/05/2019,14:50:00,9/6/2019,14:50:00,09/13/2019,A  ,,,,,P  ,,,,   ,,,,,,,,,,
result,BS33468,9/4/2019,GA3110085,000,STATE,3100,09/05/2019,14:50:00,9/6/2019,14:50:00,09/13/2019,A  ,,,,,A  ,,,,   ,,,,,,,,,,
result,BS33469,9/4/2019,GA3110069,000,STATE,3100,09/05/2019,14:50:00,9/6/2019,14:50:00,09/13/2019,A  ,,,,,A  ,,,,   ,,,,,,,,,,
result,BS33470,9/4/2019,GA1870098,000,STATE,3100,09/05/2019,14:50:00,9/6/2019,14:50:00,09/13/2019,A  ,,,,,A  ,,,,   ,,,,,,,,,,
result,BS33474,9/4/2019,GA1410007,000,STATE,3100,09/05/2019,16:50:00,9/6/2019,12:00:00,09/13/2019,A  ,,,,,A  ,,,,   ,,,,,,,,,,
result,BS33475,9/4/2019,GA1410007,000,STATE,3100,09/05/2019,16:50:00,9/6/2019,12:00:00,09/13/2019,A  ,,,,,A  ,,,,   ,,,,,,,,,,
result,BS33476,9/4/2019,GA0090048,000,STATE,3100,09/05/2019,16:50:00,9/6/2019,12:00:00,09/13/2019,A  ,,,,,A  ,,,,   ,,,,,,,,,,
result,BS33477,9/4/2019,GA0090046,000,STATE,3100,09/05/2019,16:50:00,9/6/2019,12:00:00,09/13/2019,A  ,,,,,A  ,,,,   ,,,,,,,,,,
result,BS33478,9/4/2019,GA1410004,000,STATE,3100,09/05/2019,16:50:00,9/6/2019,12:00:00,09/13/2019,A  ,,,,,A  ,,,,   ,,,,,,,,,,
result,BS33479,9/4/2019,GA1410006,000,STATE,3100,09/05/2019,16:50:00,9/6/2019,12:00:00,09/13/2019,A  ,,,,,A  ,,,,   ,,,,,,,,,,
result,BS33480,9/4/2019,GA0090047,000,STATE,3100,09/05/2019,16:50:00,9/6/2019,12:00:00,09/13/2019,A  ,,,,,A  ,,,,   ,,,,,,,,,,
result,BS33481,9/4/2019,GA0090042,000,STATE,3100,09/05/2019,16:50:00,9/6/2019,12:00:00,09/13/2019,A  ,,,,,A  ,,,,   ,,,,,,,,,,
result,BS33482,9/4/2019,GA1690049,000,STATE,3100,09/05/2019,16:50:00,9/6/2019,12:00:00,09/13/2019,A  ,,,,,A  ,,,,   ,,,,,,,,,,
result,BS33483,9/5/2019,GA1850016,000,STATE,3100,09/06/2019,13:35:00,9/7/2019,09:50:00,09/13/2019,A  ,,,,,A  ,,,,   ,,,,,,,,,,
result,BS33484,9/5/2019,GA1850016,000,STATE,3100,09/06/2019,13:35:00,9/7/2019,09:50:00,09/13/2019,A  ,,,,,A  ,,,,   ,,,,,,,,,,
result,BS33485,9/5/2019,GA1850016,000,STATE,3100,09/06/2019,13:35:00,9/7/2019,09:50:00,09/13/2019,A  ,,,,,A  ,,,,   ,,,,,,,,,,
result,BS33486,9/5/2019,GA1850016,000,STATE,3100,09/06/2019,13:35:00,9/7/2019,09:50:00,09/13/2019,A  ,,,,,A  ,,,,   ,,,,,,,,,,
result,BS33487,9/5/2019,GA1850297,000,STATE,3100,09/06/2019,13:35:00,9/7/2019,09:50:00,09/13/2019,A  ,,,,,A  ,,,,   ,,,,,,,,,,
result,BS33488,9/5/2019,GA1850297,000,STATE,3100,09/06/2019,13:35:00,9/7/2019,09:50:00,09/13/2019,A  ,,,,,A  ,,,,   ,,,,,,,,,,
result,BS33489,9/5/2019,GA1850297,000,STATE,3100,09/06/2019,13:35:00,9/7/2019,09:50:00,09/13/2019,A  ,,,,,A  ,,,,   ,,,,,,,,,,
result,BS33490,9/5/2019,GA0550001,000,STATE,3100,09/06/2019,13:35:00,9/7/2019,09:50:00,09/13/2019,A  ,,,,,A  ,,,,   ,,,,,,,,,,
result,BS33491,9/5/2019,GA0550001,000,STATE,3100,09/06/2019,13:35:00,9/7/2019,09:50:00,09/13/2019,A  ,,,,,A  ,,,,   ,,,,,,,,,,
result,BS33492,9/5/2019,GA1530017,000,STATE,3100,09/06/2019,13:35:00,9/7/2019,09:50:00,09/13/2019,A  ,,,,,A  ,,,,   ,,,,,,,,,,
result,BS33493,9/5/2019,GA0870002,000,STATE,3100,09/06/2019,13:35:00,9/7/2019,09:50:00,09/13/2019,A  ,,,,,A  ,,,,   ,,,,,,,,,,
result,BS33494,9/5/2019,GA2750070,000,STATE,3100,09/06/2019,13:35:00,9/7/2019,09:50:00,09/13/2019,A  ,,,,,A  ,,,,   ,,,,,,,,,,
result,BS33495,9/5/2019,GA2750075,000,STATE,3100,09/06/2019,13:35:00,9/7/2019,09:50:00,09/13/2019,A  ,,,,,A  ,,,,   ,,,,,,,,,,
result,BS33496,9/5/2019,GA0750011,000,STATE,3100,09/06/2019,13:35:00,9/7/2019,09:50:00,09/13/2019,A  ,,,,,A  ,,,,   ,,,,,,,,,,
result,BS33497,9/5/2019,GA0710002,000,STATE,3100,09/06/2019,13:35:00,9/7/2019,09:50:00,09/13/2019,A  ,,,,,A  ,,,,   ,,,,,,,,,,
result,BS33498,9/5/2019,GA0710072,000,STATE,3100,09/06/2019,13:35:00,9/7/2019,09:50:00,09/13/2019,A  ,,,,,A  ,,,,   ,,,,,,,,,,
result,BS33499,9/5/2019,GA1310048,000,STATE,3100,09/06/2019,13:35:00,9/7/2019,09:50:00,09/13/2019,A  ,,,,,A  ,,,,   ,,,,,,,,,,
result,BS33500,9/5/2019,GA0710014,000,STATE,3100,09/06/2019,13:35:00,9/7/2019,09:50:00,09/13/2019,A  ,,,,,A  ,,,,   ,,,,,,,,,,
result,BS33501,9/5/2019,GA0730002,000,STATE,3100,09/06/2019,13:35:00,9/7/2019,09:50:00,09/13/2019,A  ,,,,,A  ,,,,   ,,,,,,,,,,
result,BS33502,9/5/2019,GA0730002,000,STATE,3100,09/06/2019,13:35:00,9/7/2019,09:50:00,09/13/2019,A  ,,,,,A  ,,,,   ,,,,,,,,,,
result,BS33503,9/5/2019,GA0730002,000,STATE,3100,09/06/2019,13:35:00,9/7/2019,09:50:00,09/13/2019,A  ,,,,,A  ,,,,   ,,,,,,,,,,
result,BS33504,9/5/2019,GA0730002,000,STATE,3100,09/06/2019,13:35:00,9/7/2019,09:50:00,09/13/2019,A  ,,,,,A  ,,,,   ,,,,,,,,,,
result,BS33505,9/5/2019,GA1070003,000,STATE,3100,09/06/2019,13:35:00,9/7/2019,09:50:00,09/13/2019,A  ,,,,,A  ,,,,   ,,,,,,,,,,
